Ala,Arg,Asn,Asp,Cys,Glu,Gln,Gly,His,Ile,Leu,Lys,Met,Phe,Pro,Ser,Thr,Trp,Tyr,Val
71.03711,156.10111,114.0429,115.0269,103.0092,129.0426,128.0586,57.02146,137.0589,113.0841,113.0841,128.09496,131.04049,147.06841,97.05276,87.03203,101.0477,186.0793,163.0633,99.06841